Food,Type,GI,Sugar_g,Iron_mg,Sodium_mg,Cholesterol_mg,Fiber_g,Fat_g,Protein_g,Calories,Age,Label,Disease
Orange,Veg,79,0.7,9.1,343,71,1.9,24.3,0.2,194,51,Avoid,Diabetes
Fruit Juice,Veg,84,15.6,4.6,440,52,11.2,21.7,10.5,337,41,Avoid,Cholesterol
Butter,Veg,69,15.3,5.1,341,124,6.3,21.7,0.9,515,33,Recommended,Asthma
Tofu,Veg,56,1.5,5.6,214,133,6.7,4.5,20.6,494,42,Recommended,Anemia
Dark Chocolate,Veg,55,16.0,3.6,127,113,4.3,16.7,17.2,461,29,Recommended,Renal Stone
Green Tea,Veg,83,1.7,5.6,480,105,8.1,23.5,11.5,261,41,Recommended,Tonsillitis
Almonds,Veg,81,19.7,0.4,210,114,11.5,23.5,11.7,223,18,Recommended,Asthma
Oats,Veg,43,5.8,10.0,298,11,9.7,12.7,1.7,51,21,Avoid,Hypertension
Butter,Veg,76,16.3,6.1,199,31,1.1,3.4,17.2,143,70,Recommended,Anemia
Burger,Veg,48,19.1,0.9,78,134,10.0,9.3,11.9,174,49,Avoid,Diabetes
Yogurt,Veg,85,6.2,8.2,330,145,9.8,25.0,16.4,70,55,Avoid,Hypertension
Spinach,Veg,42,6.7,0.3,186,30,0.8,13.5,11.0,433,71,Recommended,Anemia
Cheese,Veg,20,10.1,1.4,22,94,3.9,1.6,24.1,273,72,Recommended,Tonsillitis
Red Meat,Non-Veg,51,7.1,0.1,476,112,4.7,20.4,8.0,209,54,Recommended,Asthma
Honey,Veg,29,5.5,1.1,481,67,12.0,23.9,10.9,398,72,Avoid,Hypertension
Coffee,Veg,32,17.7,9.9,241,3,3.1,23.0,23.5,353,40,Recommended,Renal Stone
Broccoli,Veg,42,3.5,7.4,181,9,10.4,2.0,17.1,332,51,Recommended,Bronchitis
Milk,Veg,23,1.0,3.0,70,25,7.9,19.2,6.0,221,49,Recommended,Bronchitis
Green Tea,Veg,70,5.1,6.2,303,102,5.9,12.3,2.6,387,80,Avoid,Obesity
Apple,Veg,33,13.6,6.8,303,115,1.8,5.7,7.1,555,80,Recommended,Asthma
Tomato,Veg,48,10.6,6.5,101,50,7.4,8.3,14.0,338,20,Avoid,Cholesterol
Tea,Veg,30,9.7,6.3,27,95,9.0,2.0,5.8,550,68,Recommended,Diabetes
Fish,Non-Veg,41,7.5,8.2,53,81,6.1,5.5,4.4,265,10,Recommended,Tonsillitis
Beetroot,Veg,81,2.9,3.0,327,4,2.6,23.6,3.3,379,31,Avoid,Diabetes
Butter,Veg,78,8.6,9.4,104,52,3.7,14.9,14.0,387,22,Avoid,Diabetes
Cabbage,Veg,70,3.4,0.4,153,17,0.1,10.3,18.8,486,54,Recommended,Hypertension
Sugar,Veg,72,7.2,9.5,494,20,7.3,20.8,3.4,516,13,Avoid,Hypertension
Orange,Veg,72,17.4,3.9,33,88,3.2,0.5,14.3,188,76,Recommended,Anemia
Garlic,Veg,68,15.0,6.0,339,35,11.5,14.5,15.0,368,59,Avoid,Diabetes
Soda,Veg,23,15.9,0.3,262,115,11.5,7.2,19.5,211,16,Avoid,Obesity
Salt,Veg,41,15.1,2.8,408,80,10.3,13.0,21.9,540,12,Avoid,Obesity
Tea,Veg,57,13.7,3.8,180,3,2.7,1.2,6.0,545,75,Recommended,Tonsillitis
Beetroot,Veg,88,2.1,0.0,67,74,2.4,15.9,13.8,408,41,Avoid,Renal Stone
Chips,Veg,76,3.5,6.8,255,97,5.8,1.6,10.4,386,63,Recommended,Bronchitis
Almonds,Veg,63,11.2,6.0,23,149,7.8,4.4,14.3,322,60,Avoid,Renal Stone
Brown Rice,Veg,67,0.1,3.5,52,130,6.5,23.8,16.5,166,79,Avoid,Diabetes
Mushroom,Veg,76,15.4,2.6,238,131,3.8,16.1,23.5,167,26,Recommended,Tonsillitis
Honey,Veg,43,11.5,7.5,370,14,1.6,8.8,15.7,107,42,Avoid,Diabetes
Salt,Veg,37,6.0,8.3,226,91,4.6,18.6,19.4,101,40,Recommended,Tonsillitis
Chips,Veg,63,9.9,9.9,18,3,3.4,0.4,7.6,187,20,Recommended,Obesity
Ice Cream,Veg,25,18.5,1.4,66,76,9.9,19.2,0.6,64,26,Avoid,Obesity
Carrot,Veg,29,10.4,1.6,237,134,1.2,8.5,8.2,379,20,Recommended,Diabetes
Coffee,Veg,46,11.5,5.4,43,49,4.1,14.1,1.2,154,66,Recommended,Anemia
Carrot,Veg,62,18.3,3.6,224,108,8.6,3.3,24.1,252,61,Recommended,Anemia
Fish,Non-Veg,61,8.9,4.5,345,89,6.0,24.4,2.4,221,16,Recommended,Bronchitis
Pizza,Veg,64,1.3,1.8,198,59,5.0,5.4,24.2,393,30,Recommended,Tonsillitis
Berries,Veg,89,9.1,1.0,327,38,2.2,4.2,8.9,184,15,Recommended,Bronchitis
Soda,Veg,44,5.1,7.7,73,120,6.3,23.2,20.0,452,36,Avoid,Diabetes
Salt,Veg,86,15.1,0.8,408,120,7.9,19.2,11.0,365,21,Recommended,Asthma
Fruit Juice,Veg,45,15.5,5.7,255,5,10.6,12.1,23.6,454,36,Avoid,Obesity
Pasta,Veg,90,18.9,4.5,43,19,4.4,21.3,1.5,523,40,Avoid,Diabetes
White Bread,Veg,52,19.4,4.7,165,110,4.9,13.3,6.6,344,16,Recommended,Renal Stone
Ginger,Veg,28,19.9,8.0,176,35,8.8,15.6,1.5,348,71,Recommended,Asthma
Cheese,Veg,44,12.9,2.0,392,24,3.8,2.7,21.4,453,18,Avoid,Asthma
Soy Milk,Veg,32,3.0,4.9,455,88,11.5,0.8,15.2,350,38,Recommended,Asthma
Cabbage,Veg,76,3.4,9.8,453,126,11.9,14.0,12.5,129,35,Avoid,Hypertension
Almonds,Veg,78,19.6,4.2,344,27,8.6,20.7,16.0,71,32,Avoid,Hypertension
Quinoa,Veg,32,14.9,3.3,19,47,10.7,24.5,18.2,118,46,Recommended,Asthma
Coffee,Veg,88,19.0,9.5,289,76,4.6,17.4,18.0,592,26,Recommended,Bronchitis
Tea,Veg,74,15.2,9.2,147,59,7.3,10.2,3.8,181,50,Recommended,Bronchitis
Pasta,Veg,80,0.7,2.8,367,72,9.4,18.4,13.9,416,69,Recommended,Tonsillitis
Quinoa,Veg,48,9.5,8.4,353,82,0.1,24.1,8.6,118,23,Avoid,Hypertension
Fruit Juice,Veg,54,8.0,0.6,66,69,3.1,15.0,20.8,467,19,Recommended,Hypertension
Soy Milk,Veg,31,4.5,5.5,368,29,0.3,19.9,9.8,96,34,Recommended,Tonsillitis
Beetroot,Veg,86,3.4,4.9,175,49,4.0,9.4,3.8,323,23,Recommended,Asthma
Ginger,Veg,38,13.7,4.0,99,16,9.4,23.5,21.5,73,69,Avoid,Obesity
Dark Chocolate,Veg,55,4.0,5.9,350,116,9.6,0.4,2.4,165,52,Avoid,Hypertension
Salt,Veg,80,4.3,5.0,102,139,5.4,16.2,14.2,90,73,Recommended,Tonsillitis
Almonds,Veg,46,6.8,2.4,46,133,11.4,14.6,15.5,237,62,Recommended,Asthma
Pizza,Veg,49,18.3,7.1,416,78,5.8,17.8,4.3,259,54,Recommended,Tonsillitis
Burger,Veg,81,13.3,6.4,493,50,10.5,15.5,0.6,509,48,Recommended,Anemia
Walnuts,Veg,44,19.6,3.2,147,111,4.1,1.0,12.2,525,43,Avoid,Obesity
Ginger,Veg,26,18.4,7.6,415,116,9.1,0.8,4.1,438,34,Recommended,Bronchitis
Sweet Potato,Veg,49,7.3,2.9,394,118,9.0,8.7,17.6,591,37,Recommended,Asthma
Pasta,Veg,82,10.8,0.8,39,9,0.4,2.3,18.6,299,36,Recommended,Renal Stone
Ginger,Veg,32,7.1,7.0,42,100,10.2,23.2,11.1,300,48,Recommended,Tonsillitis
Berries,Veg,48,2.6,5.4,203,50,3.9,24.8,11.8,438,10,Avoid,Cholesterol
Chicken Breast,Non-Veg,85,6.3,3.6,151,27,0.3,9.1,4.6,438,57,Recommended,Tonsillitis
Sugar,Veg,80,3.9,2.1,441,102,9.9,13.7,23.4,461,43,Avoid,Obesity
Carrot,Veg,23,16.9,6.8,219,35,1.6,8.0,12.3,476,30,Recommended,Cholesterol
Sweet Potato,Veg,51,2.5,8.0,356,93,5.5,10.8,18.3,165,63,Avoid,Hypertension
Burger,Veg,60,15.4,10.0,463,42,8.9,20.1,7.6,340,73,Avoid,Cholesterol
Walnuts,Veg,28,0.6,5.3,460,149,10.1,17.9,20.0,500,76,Recommended,Renal Stone
Brown Rice,Veg,24,5.5,8.2,498,138,10.9,3.7,24.5,565,27,Recommended,Diabetes
Eggs,Non-Veg,61,2.1,7.6,371,39,10.7,8.6,22.7,65,43,Recommended,Cholesterol
Fruit Juice,Veg,39,3.1,4.4,172,146,4.3,18.0,10.4,531,78,Recommended,Bronchitis
Apple,Veg,85,12.1,7.0,266,72,2.9,6.6,9.1,466,33,Avoid,Diabetes
Cucumber,Veg,41,13.6,9.8,259,48,9.0,9.0,15.1,600,72,Avoid,Obesity
Brown Rice,Veg,45,18.2,2.6,287,6,10.6,24.2,18.1,597,10,Recommended,Bronchitis
Mushroom,Veg,59,16.1,3.7,135,21,10.9,16.8,12.4,484,57,Recommended,Tonsillitis
Coffee,Veg,38,12.7,5.5,305,11,1.9,13.8,12.1,271,56,Recommended,Tonsillitis
Beetroot,Veg,44,1.9,5.2,295,50,9.3,10.2,22.0,140,10,Avoid,Renal Stone
Green Tea,Veg,61,0.2,1.1,216,144,2.1,8.9,22.5,592,33,Recommended,Bronchitis
Ice Cream,Veg,39,19.7,5.8,334,131,8.0,19.1,14.7,470,27,Avoid,Diabetes
Ginger,Veg,53,19.6,3.8,375,6,1.3,8.0,16.0,72,36,Recommended,Anemia
Garlic,Veg,45,4.6,0.8,180,82,10.0,24.8,15.2,312,78,Recommended,Renal Stone
Berries,Veg,23,12.6,6.5,189,139,10.4,18.0,24.7,284,63,Recommended,Tonsillitis
Cheese,Veg,21,18.0,7.4,369,40,11.7,5.2,20.2,503,77,Recommended,Tonsillitis
Pizza,Veg,79,16.8,9.3,280,29,9.6,15.3,18.4,492,66,Avoid,Obesity
Butter,Veg,39,10.5,3.5,30,75,1.7,13.8,23.0,262,78,Avoid,Diabetes
Chicken Breast,Non-Veg,27,15.9,1.8,172,26,3.9,5.0,6.4,473,30,Recommended,Tonsillitis
Sugar,Veg,52,12.6,4.5,377,127,3.0,2.8,6.7,144,77,Avoid,Cholesterol
Pizza,Veg,53,0.3,2.2,293,63,0.3,11.7,17.2,374,61,Avoid,Obesity
Ice Cream,Veg,34,6.4,1.9,269,139,5.7,21.2,18.5,405,72,Avoid,Bronchitis
Banana,Veg,87,0.7,7.0,171,29,6.9,15.8,0.4,585,16,Recommended,Hypertension
Tomato,Veg,75,17.1,7.7,84,72,11.2,10.1,24.8,389,19,Recommended,Tonsillitis
Olive Oil,Veg,56,9.1,0.7,113,108,9.7,13.4,15.8,373,17,Avoid,Cholesterol
Pizza,Veg,24,13.8,8.9,311,122,2.8,24.4,5.4,241,69,Recommended,Renal Stone
Orange,Veg,62,13.4,0.0,324,31,4.4,13.7,0.9,524,16,Avoid,Hypertension
Broccoli,Veg,70,13.6,7.6,161,148,7.2,5.0,21.7,423,50,Avoid,Cholesterol
Orange,Veg,69,0.8,0.6,436,67,3.1,17.3,15.9,590,80,Recommended,Tonsillitis
Broccoli,Veg,43,14.1,2.0,198,42,11.0,10.6,22.0,450,45,Recommended,Asthma
Onion,Veg,30,5.8,1.8,5,61,2.5,6.3,13.5,96,53,Recommended,Renal Stone
Chicken Breast,Non-Veg,75,7.5,0.8,219,67,7.2,2.7,10.3,212,56,Avoid,Hypertension
Potato,Veg,50,5.6,9.4,83,42,11.7,9.6,17.9,427,62,Recommended,Hypertension
Garlic,Veg,76,3.3,3.0,384,106,1.0,12.3,10.5,134,66,Avoid,Hypertension
Sugar,Veg,62,18.5,6.3,473,0,2.3,21.1,5.5,327,74,Recommended,Asthma
Carrot,Veg,35,10.3,0.8,187,107,7.0,5.1,11.7,433,72,Recommended,Hypertension
Banana,Veg,35,9.0,6.7,211,110,6.2,20.0,4.6,60,75,Recommended,Asthma
Beetroot,Veg,55,6.9,4.2,326,138,4.7,24.9,17.1,513,69,Recommended,Tonsillitis
Tomato,Veg,58,5.6,2.7,233,32,9.5,12.8,16.3,444,47,Recommended,Diabetes
Quinoa,Veg,58,8.8,7.9,62,81,8.4,24.6,8.4,322,77,Recommended,Tonsillitis
Ginger,Veg,70,13.9,1.7,393,41,4.2,1.1,5.3,123,44,Recommended,Cholesterol
Salt,Veg,86,6.9,0.0,410,131,4.6,11.6,4.7,278,35,Recommended,Bronchitis
Potato,Veg,63,8.1,9.2,426,144,9.8,17.4,22.9,255,12,Avoid,Cholesterol
Eggs,Non-Veg,60,18.4,6.5,333,148,7.3,24.1,13.0,137,61,Avoid,Obesity
Sugar,Veg,70,15.9,2.1,385,118,11.2,1.9,17.6,285,77,Avoid,Hypertension
Milk,Veg,39,19.9,8.1,310,62,12.0,17.6,16.4,443,20,Avoid,Obesity
Pasta,Veg,28,5.9,6.4,195,6,4.2,20.0,6.2,248,40,Recommended,Hypertension
Honey,Veg,67,6.7,0.1,420,59,10.4,22.9,12.6,123,69,Avoid,Anemia
Banana,Veg,23,7.1,1.7,255,96,4.6,19.9,4.4,490,63,Avoid,Obesity
Yogurt,Veg,35,10.1,8.3,147,38,7.8,7.3,12.5,119,75,Recommended,Tonsillitis
Tofu,Veg,87,8.4,0.1,319,27,6.0,11.0,20.7,379,11,Recommended,Asthma
Cabbage,Veg,85,14.4,1.4,472,104,2.1,2.5,5.2,240,36,Recommended,Tonsillitis
Tea,Veg,72,14.7,5.1,139,90,11.0,20.0,21.0,588,15,Recommended,Bronchitis
Eggs,Non-Veg,44,17.5,9.7,299,150,10.4,2.4,0.9,435,72,Recommended,Renal Stone
White Bread,Veg,87,6.7,6.1,149,27,8.0,14.4,1.7,429,63,Avoid,Diabetes
Brown Rice,Veg,60,16.1,8.2,192,45,12.0,13.2,19.6,537,60,Recommended,Anemia
Quinoa,Veg,74,4.2,7.9,13,82,11.0,21.1,22.8,571,70,Recommended,Diabetes
Spinach,Veg,81,8.9,8.5,259,106,5.3,4.6,4.8,171,57,Recommended,Tonsillitis
Oats,Veg,72,2.4,4.4,117,94,5.8,15.8,10.4,185,61,Avoid,Cholesterol
Honey,Veg,85,6.4,6.7,389,125,8.1,21.6,18.9,98,51,Avoid,Obesity
Burger,Veg,56,8.7,4.7,285,125,0.6,5.4,10.6,358,38,Recommended,Anemia
Spinach,Veg,70,18.5,3.9,430,50,11.0,20.3,4.6,566,75,Recommended,Bronchitis
Salt,Veg,90,18.6,7.9,167,0,2.0,0.8,16.9,264,69,Recommended,Cholesterol
Apple,Veg,43,4.5,9.7,84,140,1.8,19.7,19.7,525,25,Avoid,Cholesterol
Milk,Veg,54,13.2,9.5,47,136,1.2,10.7,23.9,562,33,Avoid,Asthma
Orange,Veg,35,13.2,4.5,307,108,2.8,8.9,8.8,283,38,Recommended,Asthma
Potato,Veg,26,2.4,0.0,499,87,5.7,1.0,2.4,244,23,Recommended,Asthma
Ice Cream,Veg,75,5.2,7.1,154,13,11.2,3.9,5.3,524,60,Recommended,Renal Stone
Garlic,Veg,48,3.7,1.4,324,110,9.0,24.3,15.1,413,43,Recommended,Diabetes
Dark Chocolate,Veg,55,14.3,8.0,483,54,8.6,23.9,4.5,520,36,Avoid,Cholesterol
Banana,Veg,47,13.0,2.7,114,109,0.2,24.4,15.6,108,62,Avoid,Diabetes
Fish,Non-Veg,71,7.5,1.8,239,118,5.4,19.1,22.0,418,57,Avoid,Diabetes
Peanuts,Veg,69,16.7,1.2,284,142,6.4,16.2,1.6,144,74,Avoid,Obesity
White Bread,Veg,76,1.1,9.6,406,58,8.3,16.5,4.8,63,43,Recommended,Renal Stone
Soda,Veg,23,15.8,0.7,433,70,9.3,12.8,17.7,291,50,Avoid,Diabetes
Butter,Veg,90,17.5,0.2,459,115,2.8,23.6,7.5,352,55,Avoid,Anemia
Carrot,Veg,90,15.8,4.6,325,118,9.1,24.2,16.4,597,78,Recommended,Tonsillitis
Lentils,Veg,26,19.9,2.0,387,80,1.0,1.9,21.3,286,31,Avoid,Obesity
Walnuts,Veg,40,16.2,9.2,13,1,0.2,5.2,23.0,319,66,Recommended,Tonsillitis
Beetroot,Veg,79,1.4,8.0,402,44,6.8,11.0,11.2,444,45,Avoid,Cholesterol
Tomato,Veg,90,12.5,6.4,63,116,11.7,6.8,0.1,534,49,Avoid,Obesity
Soy Milk,Veg,83,12.6,1.3,456,62,1.7,9.0,16.3,455,51,Avoid,Hypertension
Lentils,Veg,81,10.2,5.8,173,128,2.9,23.9,19.0,408,24,Recommended,Asthma
Orange,Veg,61,0.7,5.3,283,64,7.1,22.9,12.8,357,17,Avoid,Cholesterol
Yogurt,Veg,57,10.0,1.3,289,79,3.6,11.0,14.9,200,21,Avoid,Asthma
Broccoli,Veg,54,19.7,7.8,200,135,5.1,17.1,24.3,86,47,Avoid,Hypertension
Carrot,Veg,62,2.4,6.5,396,58,1.7,10.9,5.9,372,40,Recommended,Asthma
Cabbage,Veg,45,0.4,9.0,335,48,6.1,7.2,20.2,528,51,Recommended,Diabetes
Pasta,Veg,52,2.6,9.5,153,51,7.9,1.7,5.0,367,45,Avoid,Cholesterol
Potato,Veg,85,10.2,0.9,260,137,3.0,3.6,16.2,543,16,Avoid,Diabetes
Burger,Veg,22,0.1,1.4,261,118,0.6,6.1,19.4,566,16,Avoid,Anemia
Tofu,Veg,65,19.4,3.4,339,21,4.5,0.4,7.8,82,13,Recommended,Diabetes
Cucumber,Veg,86,5.3,7.3,298,83,8.9,10.4,15.4,351,26,Recommended,Tonsillitis
White Bread,Veg,47,18.3,1.2,488,4,2.0,12.5,8.3,499,54,Avoid,Obesity
Beetroot,Veg,24,12.0,0.5,422,103,10.2,10.5,0.3,572,24,Avoid,Cholesterol
Green Tea,Veg,23,16.9,7.1,234,79,0.0,8.4,6.3,339,61,Recommended,Anemia
Berries,Veg,82,12.6,6.6,360,150,8.4,3.1,23.9,452,19,Recommended,Tonsillitis
Fish,Non-Veg,61,8.5,3.5,443,38,1.9,9.4,11.6,78,24,Avoid,Hypertension
Cucumber,Veg,34,4.9,6.2,271,134,1.4,17.4,20.9,483,64,Recommended,Renal Stone
Ice Cream,Veg,66,13.8,2.5,178,89,7.2,9.7,19.6,544,25,Avoid,Diabetes
Orange,Veg,87,12.9,7.7,164,17,0.3,18.7,20.9,282,68,Recommended,Bronchitis
Pizza,Veg,36,11.1,0.4,477,116,8.0,23.3,11.4,536,37,Avoid,Anemia
Olive Oil,Veg,21,7.6,10.0,473,7,4.7,2.2,22.0,98,78,Recommended,Asthma
Ice Cream,Veg,38,4.2,5.5,320,44,11.9,0.7,5.7,349,28,Avoid,Tonsillitis
Brown Rice,Veg,58,16.6,6.1,20,41,7.0,11.6,17.3,407,36,Recommended,Tonsillitis
Ginger,Veg,24,5.7,6.8,108,134,4.7,1.0,6.0,205,74,Avoid,Cholesterol
Cheese,Veg,59,9.9,6.4,372,62,0.4,6.9,15.7,564,22,Avoid,Cholesterol
Broccoli,Veg,77,8.1,7.4,338,61,7.9,12.7,18.9,314,51,Avoid,Hypertension
Onion,Veg,25,4.3,9.6,448,134,10.9,0.0,1.5,125,10,Recommended,Tonsillitis
Chicken Breast,Non-Veg,82,18.5,4.7,13,85,0.8,12.6,6.8,501,62,Recommended,Hypertension
Garlic,Veg,22,6.3,6.8,282,11,2.7,7.9,7.1,380,68,Recommended,Asthma
Oats,Veg,42,2.2,4.3,500,42,0.0,1.6,5.3,219,15,Recommended,Cholesterol
Quinoa,Veg,46,3.0,3.0,18,107,11.6,21.0,16.0,133,70,Avoid,Anemia
Soy Milk,Veg,90,18.6,4.7,391,28,10.5,22.9,10.4,570,14,Recommended,Renal Stone
Soy Milk,Veg,35,2.8,5.3,477,21,9.6,5.9,17.8,280,34,Recommended,Tonsillitis
Beetroot,Veg,74,2.3,9.4,450,63,4.2,7.3,6.5,554,72,Avoid,Obesity
Green Tea,Veg,65,15.1,7.5,344,59,10.6,22.8,6.1,135,37,Recommended,Renal Stone
Almonds,Veg,71,2.8,9.8,252,63,9.5,23.9,1.8,317,25,Recommended,Tonsillitis
Cabbage,Veg,88,17.8,9.9,50,135,2.3,21.0,24.6,210,69,Recommended,Renal Stone
Beetroot,Veg,79,6.6,2.8,200,84,9.9,0.5,15.5,230,26,Recommended,Bronchitis
Chicken Breast,Non-Veg,90,10.8,2.7,174,34,3.8,19.4,0.7,530,42,Recommended,Asthma
Burger,Veg,34,13.5,8.9,108,76,8.3,11.7,11.5,54,17,Recommended,Anemia
Tomato,Veg,31,15.2,5.2,300,25,0.5,23.3,13.5,526,66,Recommended,Bronchitis
Burger,Veg,87,17.3,0.5,405,64,6.7,6.3,16.5,300,13,Avoid,Bronchitis
Ginger,Veg,36,13.6,7.0,32,100,10.0,12.2,6.0,388,19,Recommended,Hypertension
Onion,Veg,28,2.1,3.8,201,59,3.9,2.7,4.4,390,30,Recommended,Renal Stone
Orange,Veg,42,11.0,6.0,335,32,2.4,14.8,3.3,97,33,Recommended,Tonsillitis
Apple,Veg,43,9.6,0.2,423,72,1.0,19.7,6.1,540,39,Avoid,Cholesterol
Lentils,Veg,87,15.5,5.4,202,133,2.8,22.2,13.4,343,80,Recommended,Asthma
Apple,Veg,20,3.4,7.3,317,49,3.5,1.8,16.3,383,43,Avoid,Obesity
Green Tea,Veg,44,5.4,7.9,42,69,0.9,7.3,2.4,170,69,Recommended,Renal Stone
Sweet Potato,Veg,47,11.7,4.7,427,20,4.8,3.2,10.8,184,71,Recommended,Tonsillitis
Orange,Veg,35,11.7,6.7,141,94,10.9,9.3,12.7,160,39,Recommended,Anemia
Yogurt,Veg,88,11.3,4.3,68,7,9.9,7.2,12.0,254,69,Recommended,Bronchitis
Tea,Veg,52,0.8,3.3,11,57,9.3,21.8,2.5,131,67,Recommended,Tonsillitis
Honey,Veg,55,2.3,9.6,225,51,9.4,23.8,22.2,499,13,Recommended,Renal Stone
Burger,Veg,23,9.2,8.0,264,46,1.8,10.6,20.8,285,51,Avoid,Hypertension
Dark Chocolate,Veg,76,12.8,8.2,208,142,3.1,23.5,17.3,587,67,Avoid,Cholesterol
Ice Cream,Veg,70,10.0,1.4,314,131,9.7,19.0,14.6,190,28,Avoid,Cholesterol
Pasta,Veg,71,0.9,3.0,249,41,2.9,7.9,16.4,130,33,Recommended,Tonsillitis
Pizza,Veg,58,8.5,1.6,84,96,1.1,18.3,8.3,232,72,Recommended,Hypertension
Cabbage,Veg,46,2.2,5.3,381,117,1.0,14.1,5.7,214,50,Recommended,Tonsillitis
Coffee,Veg,46,1.0,6.2,127,32,11.7,24.4,19.6,238,33,Recommended,Hypertension
Peanuts,Veg,37,12.8,9.6,408,64,2.9,2.4,4.9,256,25,Recommended,Asthma
Broccoli,Veg,45,6.8,0.7,264,36,9.8,1.3,1.5,527,45,Recommended,Diabetes
Orange,Veg,63,4.1,5.7,50,46,12.0,3.9,24.7,298,13,Recommended,Obesity
Garlic,Veg,55,2.8,5.8,189,68,6.9,3.9,14.0,191,64,Recommended,Tonsillitis
Coffee,Veg,38,15.0,3.8,340,89,6.1,9.2,1.5,573,56,Avoid,Cholesterol
Ice Cream,Veg,88,0.8,0.8,49,90,2.5,22.8,12.1,313,12,Recommended,Renal Stone
Brown Rice,Veg,24,1.7,7.6,217,61,9.2,1.5,6.0,306,28,Recommended,Anemia
White Bread,Veg,29,11.3,2.4,135,22,8.9,10.4,21.0,56,72,Recommended,Asthma
Pasta,Veg,43,13.2,9.9,243,119,7.7,15.7,16.6,270,19,Recommended,Asthma
Beetroot,Veg,53,13.9,5.5,370,32,0.2,12.6,24.4,215,54,Recommended,Bronchitis
Pizza,Veg,74,19.9,8.9,6,87,0.8,10.0,1.3,416,73,Recommended,Anemia
Tofu,Veg,84,0.7,5.5,311,92,5.9,18.6,23.9,489,13,Recommended,Diabetes
Oats,Veg,55,17.0,0.2,50,82,9.2,15.0,7.3,570,73,Recommended,Tonsillitis
Tea,Veg,38,5.6,4.4,135,86,4.2,21.4,8.7,421,28,Recommended,Hypertension
Mushroom,Veg,84,2.3,0.0,247,123,8.4,6.9,12.8,502,65,Avoid,Anemia
Milk,Veg,69,10.9,5.2,241,55,12.0,17.8,0.1,515,14,Recommended,Bronchitis
Cabbage,Veg,75,4.0,8.6,101,140,11.8,5.5,9.0,524,64,Avoid,Diabetes
Honey,Veg,48,15.9,9.5,67,147,4.7,1.3,19.4,447,34,Recommended,Renal Stone
Pasta,Veg,58,4.3,0.5,313,31,8.3,10.4,18.5,404,75,Recommended,Renal Stone
Chips,Veg,83,3.0,6.5,195,120,7.1,24.5,1.3,305,21,Recommended,Bronchitis
Tofu,Veg,84,2.1,7.1,230,5,11.7,7.9,8.9,58,33,Recommended,Asthma
Cabbage,Veg,53,3.7,3.3,137,45,5.6,15.1,8.9,231,52,Recommended,Bronchitis
Cheese,Veg,55,6.5,7.6,247,127,6.6,7.7,2.7,99,40,Recommended,Obesity
Burger,Veg,21,11.7,2.5,480,55,0.3,13.6,11.5,313,31,Avoid,Bronchitis
Eggs,Non-Veg,57,12.4,2.2,120,63,3.1,14.9,5.2,500,66,Recommended,Hypertension
Green Tea,Veg,48,0.8,4.2,35,104,4.0,0.6,14.6,279,34,Recommended,Hypertension
Sweet Potato,Veg,64,17.9,4.4,203,118,10.2,9.2,6.1,355,58,Recommended,Tonsillitis
Tofu,Veg,79,17.8,3.6,409,95,10.6,10.0,8.1,105,55,Recommended,Anemia
Tea,Veg,26,14.5,4.3,417,97,11.8,3.7,22.7,400,35,Recommended,Anemia
Lentils,Veg,23,6.6,1.3,95,132,8.3,15.3,19.1,531,24,Avoid,Obesity
Ice Cream,Veg,84,11.9,8.3,437,93,5.9,24.2,20.8,572,58,Avoid,Tonsillitis
Berries,Veg,77,15.9,5.6,184,130,4.2,2.2,1.9,510,50,Avoid,Obesity
Chicken Breast,Non-Veg,52,17.2,2.8,474,18,1.3,1.1,0.3,569,71,Recommended,Bronchitis
Fish,Non-Veg,85,11.8,3.9,342,6,4.1,8.7,9.6,404,34,Avoid,Diabetes
Green Tea,Veg,50,12.8,8.6,294,42,7.5,0.9,14.4,576,29,Recommended,Tonsillitis
Fish,Non-Veg,36,19.0,7.8,115,28,4.5,15.3,4.4,489,10,Avoid,Obesity
Sweet Potato,Veg,50,16.4,6.2,75,5,10.9,18.5,2.4,515,74,Recommended,Renal Stone
Lentils,Veg,59,12.0,0.6,201,83,2.3,1.7,12.8,370,38,Avoid,Obesity
Eggs,Non-Veg,42,19.3,5.0,492,142,9.2,15.7,1.3,366,32,Avoid,Diabetes
Sweet Potato,Veg,69,7.0,2.2,29,40,11.2,10.7,17.0,274,28,Avoid,Anemia
Tomato,Veg,53,11.1,6.5,257,8,7.9,20.3,7.0,234,42,Recommended,Bronchitis
Beetroot,Veg,33,3.6,2.3,483,61,11.3,7.4,5.2,466,66,Avoid,Obesity
Banana,Veg,79,16.0,6.9,497,11,9.5,21.8,24.7,541,24,Avoid,Diabetes
Honey,Veg,50,19.4,4.0,265,97,5.6,3.2,18.9,284,54,Recommended,Bronchitis
Pizza,Veg,85,2.5,1.6,51,30,9.0,11.3,18.9,422,69,Recommended,Hypertension
Quinoa,Veg,46,8.8,2.3,176,137,2.7,24.8,6.2,398,42,Recommended,Bronchitis
White Bread,Veg,31,12.5,6.1,128,102,8.3,3.5,8.4,201,73,Recommended,Hypertension
Tofu,Veg,78,8.4,8.0,64,112,11.8,17.3,16.2,470,23,Recommended,Asthma
Burger,Veg,89,4.8,3.2,76,109,1.8,0.4,2.0,253,20,Recommended,Tonsillitis
Almonds,Veg,30,18.4,5.4,423,139,4.5,21.8,5.0,87,47,Avoid,Obesity
Apple,Veg,38,13.8,8.1,496,31,1.7,23.1,20.9,524,23,Recommended,Renal Stone
Pasta,Veg,65,2.7,1.6,38,48,5.3,15.5,20.9,472,40,Recommended,Hypertension
Fish,Non-Veg,66,12.8,8.1,183,9,12.0,8.2,1.3,422,27,Recommended,Cholesterol
Cheese,Veg,41,7.3,4.2,91,59,10.7,12.1,2.1,249,41,Recommended,Renal Stone
Tea,Veg,36,4.3,5.5,110,40,8.7,13.1,14.4,469,54,Recommended,Bronchitis
Pizza,Veg,58,4.2,6.0,269,61,10.4,23.4,18.4,326,47,Avoid,Hypertension
Potato,Veg,37,14.1,7.3,133,96,1.0,20.5,6.3,590,64,Avoid,Obesity
Tea,Veg,68,3.7,4.7,351,61,5.6,10.5,24.0,340,77,Recommended,Anemia
Pasta,Veg,77,17.0,4.1,278,23,5.3,11.5,21.9,556,38,Recommended,Asthma
Chips,Veg,47,18.7,9.6,246,55,4.1,15.9,24.4,336,14,Avoid,Cholesterol
Red Meat,Non-Veg,30,14.6,5.3,220,1,6.7,22.0,21.6,472,55,Recommended,Bronchitis
Soy Milk,Veg,86,6.0,3.2,234,85,10.5,23.7,0.8,263,30,Recommended,Renal Stone
Yogurt,Veg,32,17.5,2.0,410,120,9.0,20.2,10.9,499,28,Avoid,Obesity
Tomato,Veg,86,19.8,7.1,271,132,10.4,9.3,0.5,124,43,Recommended,Asthma
Tofu,Veg,37,14.2,4.0,178,150,3.5,13.2,6.6,270,13,Avoid,Obesity
Green Tea,Veg,50,17.0,3.6,29,5,11.1,7.6,9.1,88,21,Recommended,Anemia
Broccoli,Veg,64,6.7,5.8,44,93,9.5,11.6,21.8,503,21,Recommended,Diabetes
Yogurt,Veg,82,2.2,1.3,410,24,7.4,24.5,9.6,504,22,Avoid,Asthma
Chips,Veg,27,2.5,6.5,19,81,5.8,15.6,20.1,488,38,Avoid,Diabetes
Fruit Juice,Veg,88,11.1,5.1,448,98,11.3,6.5,24.9,486,53,Avoid,Obesity
Beetroot,Veg,36,4.5,5.0,53,143,0.8,1.3,5.4,310,69,Avoid,Obesity
Butter,Veg,89,2.7,5.7,83,81,5.8,21.9,9.9,97,21,Avoid,Diabetes
Ice Cream,Veg,86,18.6,2.1,379,0,5.2,21.7,4.1,233,35,Avoid,Hypertension
Soy Milk,Veg,33,6.7,0.1,173,44,0.1,11.0,1.4,396,25,Avoid,Cholesterol
Broccoli,Veg,66,10.6,0.3,161,82,3.3,22.4,16.8,202,40,Recommended,Bronchitis
Honey,Veg,31,6.7,6.7,183,99,4.6,6.3,12.8,544,68,Recommended,Bronchitis
Carrot,Veg,23,2.2,1.7,432,9,3.7,22.9,5.5,145,10,Avoid,Hypertension
Oats,Veg,57,7.4,1.5,143,69,10.5,22.3,0.3,149,20,Recommended,Bronchitis
Fish,Non-Veg,30,12.1,3.6,427,150,6.1,13.9,13.2,84,45,Recommended,Asthma
Green Tea,Veg,36,12.6,0.7,342,68,2.0,20.2,23.1,201,33,Avoid,Obesity
Dark Chocolate,Veg,89,6.6,8.4,389,146,6.3,18.0,21.8,108,17,Avoid,Obesity
Lentils,Veg,86,16.1,2.6,453,60,5.8,5.3,1.2,216,25,Avoid,Diabetes
Milk,Veg,31,8.7,0.1,128,37,4.3,5.1,16.9,566,45,Avoid,Obesity
Coffee,Veg,80,2.9,3.8,485,145,6.4,16.2,1.8,416,24,Avoid,Cholesterol
Butter,Veg,90,17.1,8.7,99,90,5.1,17.7,6.1,342,17,Recommended,Hypertension
Chips,Veg,68,16.9,9.1,153,144,2.7,24.9,2.9,434,13,Avoid,Diabetes
Cucumber,Veg,72,1.8,4.3,366,38,2.5,23.3,0.6,583,51,Recommended,Asthma
Cheese,Veg,81,13.8,2.0,401,50,3.3,11.1,10.7,383,80,Recommended,Bronchitis
Ginger,Veg,25,2.7,5.9,445,24,5.3,4.3,24.1,482,66,Recommended,Cholesterol
Cheese,Veg,60,5.4,5.3,379,9,7.3,5.9,3.1,286,32,Recommended,Tonsillitis
Oats,Veg,41,3.6,4.8,57,68,9.7,24.2,3.4,478,17,Recommended,Renal Stone
White Bread,Veg,51,8.1,9.6,17,100,6.2,8.8,14.7,574,15,Recommended,Renal Stone
Peanuts,Veg,58,0.6,0.9,87,38,1.3,16.5,16.4,558,34,Recommended,Asthma
Ice Cream,Veg,71,11.2,0.8,123,79,5.3,22.3,3.4,410,75,Recommended,Renal Stone
Green Tea,Veg,36,0.7,3.4,166,89,11.1,22.6,5.3,476,11,Recommended,Diabetes
Milk,Veg,26,11.9,3.2,144,65,8.9,2.7,23.9,400,34,Recommended,Tonsillitis
Beetroot,Veg,43,19.9,0.9,135,16,2.8,7.7,24.4,565,16,Avoid,Obesity
Dark Chocolate,Veg,47,11.9,6.3,76,2,11.6,9.4,13.1,429,72,Avoid,Obesity
Soda,Veg,67,7.8,4.1,488,90,9.8,9.8,9.7,124,64,Recommended,Obesity
Berries,Veg,80,18.5,2.2,442,93,0.6,13.5,12.4,242,16,Recommended,Anemia
Soy Milk,Veg,49,3.4,4.7,452,52,1.5,6.2,13.1,584,29,Recommended,Tonsillitis
Soy Milk,Veg,67,7.3,9.9,27,19,5.1,24.4,21.9,189,38,Recommended,Bronchitis
Garlic,Veg,58,19.7,1.0,268,93,2.9,22.0,4.3,263,23,Recommended,Asthma
Tea,Veg,25,2.2,9.8,446,60,11.1,18.5,18.8,457,78,Recommended,Diabetes
Butter,Veg,38,15.9,0.2,33,53,9.9,14.2,10.2,408,46,Avoid,Cholesterol
Beetroot,Veg,25,16.3,2.9,382,49,1.8,12.1,21.9,449,39,Recommended,Anemia
Cabbage,Veg,29,6.4,9.2,112,91,4.1,11.5,23.4,155,26,Recommended,Obesity
Fruit Juice,Veg,24,13.7,7.3,348,49,8.1,9.0,21.1,359,10,Avoid,Obesity
Broccoli,Veg,27,5.9,6.6,126,144,2.1,5.0,19.1,303,34,Recommended,Diabetes
Spinach,Veg,75,13.1,8.7,384,86,0.6,17.1,22.4,460,46,Recommended,Diabetes
Brown Rice,Veg,26,3.9,1.3,480,141,6.3,14.8,5.5,165,53,Recommended,Renal Stone
Tea,Veg,90,6.5,4.4,433,84,11.4,3.8,21.2,544,34,Recommended,Anemia
Peanuts,Veg,21,4.6,1.1,412,27,7.1,17.1,10.6,287,67,Avoid,Hypertension
Brown Rice,Veg,90,5.8,3.2,216,96,6.3,14.1,15.8,267,73,Recommended,Tonsillitis
Fruit Juice,Veg,79,9.7,9.4,144,133,7.7,5.0,20.4,582,70,Recommended,Hypertension
Broccoli,Veg,82,0.8,5.1,190,121,6.4,0.5,14.4,583,26,Avoid,Obesity
Cucumber,Veg,43,18.9,9.6,157,15,5.4,5.6,2.3,594,22,Recommended,Cholesterol
Soy Milk,Veg,64,1.4,3.8,330,68,3.5,12.2,1.8,422,43,Recommended,Tonsillitis
Cabbage,Veg,61,12.1,6.0,7,138,10.2,24.0,19.7,576,33,Avoid,Obesity
Lentils,Veg,20,12.6,1.8,352,148,7.2,6.9,18.7,99,55,Recommended,Tonsillitis
Cheese,Veg,33,17.9,0.6,296,136,9.9,9.3,19.3,384,80,Avoid,Asthma
Chicken Breast,Non-Veg,22,5.8,1.0,286,67,10.7,17.4,14.1,433,27,Avoid,Anemia
Brown Rice,Veg,50,4.6,9.3,205,120,8.2,11.8,16.5,563,40,Recommended,Asthma
Cabbage,Veg,47,19.3,2.1,102,149,8.8,2.7,1.0,207,12,Avoid,Anemia
Mushroom,Veg,31,10.3,10.0,188,74,10.1,9.7,15.1,578,42,Avoid,Diabetes
Fish,Non-Veg,22,2.0,8.0,406,109,3.3,6.5,1.2,328,74,Recommended,Asthma
Fruit Juice,Veg,71,8.0,8.8,123,11,5.0,12.4,21.3,157,54,Avoid,Cholesterol
Red Meat,Non-Veg,22,7.0,8.8,232,94,2.6,10.5,18.5,525,34,Avoid,Obesity
Quinoa,Veg,58,9.5,1.1,402,57,1.6,18.6,19.0,567,28,Avoid,Hypertension
Pizza,Veg,44,14.2,2.8,47,36,3.8,20.4,8.8,113,65,Avoid,Anemia
Tea,Veg,52,6.9,3.4,222,16,8.1,12.2,19.5,197,57,Recommended,Diabetes
Berries,Veg,35,19.2,8.1,158,66,11.6,22.8,9.4,522,62,Avoid,Obesity
Tea,Veg,69,13.8,1.8,85,66,6.9,14.5,11.0,584,16,Recommended,Renal Stone
Mushroom,Veg,50,10.8,9.1,270,21,9.5,12.5,10.8,430,40,Recommended,Bronchitis
Fruit Juice,Veg,80,5.7,7.3,107,61,8.8,0.7,8.5,170,32,Recommended,Asthma
Pizza,Veg,62,9.5,1.1,83,139,10.3,10.8,24.0,241,36,Avoid,Bronchitis
Pasta,Veg,41,14.6,2.5,200,133,6.5,8.7,4.3,212,13,Recommended,Tonsillitis
Banana,Veg,69,15.5,6.2,391,12,4.8,11.4,10.9,227,58,Recommended,Renal Stone
Yogurt,Veg,43,3.3,7.9,481,126,4.1,20.9,14.2,274,44,Recommended,Diabetes
Oats,Veg,64,3.5,9.3,416,49,8.1,5.0,4.2,301,48,Recommended,Cholesterol
Green Tea,Veg,63,6.7,4.3,43,50,11.4,19.6,8.2,448,66,Recommended,Hypertension
Lentils,Veg,43,17.5,0.2,365,12,9.9,7.1,14.4,518,47,Avoid,Hypertension
Honey,Veg,61,14.0,2.7,115,118,0.4,7.6,21.7,530,29,Recommended,Hypertension
Yogurt,Veg,88,12.8,1.2,467,11,10.0,14.5,14.9,111,21,Recommended,Bronchitis
Yogurt,Veg,83,8.3,3.7,430,66,0.4,6.6,15.5,535,70,Recommended,Bronchitis
Butter,Veg,53,12.2,5.8,255,15,5.5,21.7,20.4,599,40,Recommended,Asthma
Lentils,Veg,69,3.2,0.8,470,130,3.6,14.3,12.3,164,20,Recommended,Anemia
Ginger,Veg,38,14.5,5.2,107,84,4.2,10.1,3.3,153,26,Avoid,Diabetes
Chicken Breast,Non-Veg,34,0.5,3.3,418,99,11.4,7.2,4.4,436,52,Recommended,Asthma
Fruit Juice,Veg,62,18.5,6.0,16,146,5.9,1.6,19.5,313,46,Recommended,Asthma
Pizza,Veg,24,7.6,6.6,281,77,2.3,19.5,10.6,337,52,Avoid,Diabetes
Broccoli,Veg,50,2.2,5.8,73,70,5.4,14.0,15.9,551,23,Recommended,Anemia
Yogurt,Veg,45,6.6,7.1,265,71,6.5,13.8,16.3,469,19,Avoid,Hypertension
Green Tea,Veg,72,3.1,9.2,85,36,7.9,20.7,5.5,269,33,Recommended,Tonsillitis
Berries,Veg,89,7.5,5.4,249,123,3.7,0.6,21.5,466,77,Avoid,Obesity
Onion,Veg,34,10.0,0.1,59,21,1.3,21.8,21.5,536,26,Recommended,Hypertension
Cheese,Veg,50,19.7,6.1,59,137,1.2,15.6,11.3,95,16,Recommended,Bronchitis
Sugar,Veg,37,9.2,8.3,451,20,1.6,14.0,19.8,61,37,Avoid,Diabetes
Fish,Non-Veg,86,3.7,4.9,66,119,1.6,6.7,20.1,409,57,Recommended,Hypertension
Cabbage,Veg,65,6.1,5.2,184,95,5.9,14.7,12.4,128,73,Recommended,Hypertension
Soda,Veg,62,13.1,8.4,63,62,5.7,4.3,19.4,427,61,Recommended,Renal Stone
Eggs,Non-Veg,46,3.8,0.5,123,139,6.5,19.5,4.3,110,61,Avoid,Anemia
Tofu,Veg,38,11.1,7.3,208,9,10.3,20.9,5.8,359,67,Recommended,Tonsillitis
Cabbage,Veg,44,6.9,7.4,100,45,11.2,11.6,22.1,363,20,Recommended,Bronchitis
Mushroom,Veg,30,6.9,7.2,142,87,1.5,3.5,16.0,515,19,Recommended,Diabetes
Cheese,Veg,69,7.9,4.6,10,82,2.1,20.5,3.7,311,12,Recommended,Hypertension
Fruit Juice,Veg,71,19.9,8.0,91,137,4.2,17.2,13.7,504,18,Recommended,Hypertension
Mushroom,Veg,60,12.7,0.6,161,87,10.9,12.7,0.7,302,80,Recommended,Hypertension
Honey,Veg,74,16.0,6.3,423,66,4.0,9.0,18.0,365,66,Avoid,Diabetes
Soda,Veg,73,11.3,8.7,11,35,1.2,1.9,16.5,80,55,Avoid,Diabetes
Fruit Juice,Veg,84,13.9,7.2,259,131,9.0,10.5,2.8,533,19,Avoid,Hypertension
Mushroom,Veg,87,1.9,0.7,259,131,3.9,15.1,3.7,597,32,Recommended,Tonsillitis
Green Tea,Veg,67,0.1,6.1,473,150,2.9,17.8,2.7,306,54,Recommended,Bronchitis
Apple,Veg,67,11.9,0.9,57,88,6.5,1.1,7.3,398,28,Recommended,Hypertension
Coffee,Veg,52,12.8,8.5,327,57,9.1,23.0,8.9,486,13,Recommended,Anemia
Chicken Breast,Non-Veg,67,1.0,0.9,87,144,3.8,5.0,6.3,267,15,Recommended,Obesity
Walnuts,Veg,40,13.4,2.2,128,98,10.2,15.4,6.7,406,14,Recommended,Renal Stone
Chips,Veg,76,5.3,7.7,124,8,5.6,9.6,20.8,236,63,Recommended,Tonsillitis
Yogurt,Veg,22,4.0,6.7,359,115,5.6,12.3,23.6,411,63,Recommended,Anemia
Milk,Veg,63,2.6,2.6,101,18,10.7,2.2,17.1,485,42,Recommended,Renal Stone
Milk,Veg,38,13.8,0.4,127,82,10.6,22.6,0.3,406,11,Recommended,Renal Stone
Cheese,Veg,49,7.2,3.9,238,51,3.9,5.5,4.7,87,15,Recommended,Diabetes
Soy Milk,Veg,33,1.4,7.4,218,4,4.1,21.3,11.9,527,40,Recommended,Bronchitis
Soda,Veg,83,10.1,0.5,424,135,7.5,13.5,19.6,158,28,Avoid,Cholesterol
Ice Cream,Veg,70,8.9,8.3,227,125,2.0,17.5,16.0,272,59,Avoid,Tonsillitis
Pizza,Veg,52,10.5,0.2,303,55,7.0,11.9,20.1,350,65,Avoid,Cholesterol
Cucumber,Veg,22,10.1,5.1,419,108,10.1,0.2,2.0,147,34,Recommended,Tonsillitis
Beetroot,Veg,44,15.9,4.3,197,43,3.1,17.9,2.8,290,80,Avoid,Renal Stone
Tea,Veg,51,19.6,7.8,60,26,8.6,14.9,11.4,462,44,Recommended,Asthma
Orange,Veg,33,14.3,9.7,474,28,2.4,6.7,10.1,314,76,Recommended,Cholesterol
Tea,Veg,57,6.1,3.6,497,41,6.8,20.9,1.4,395,38,Recommended,Anemia
Salt,Veg,23,9.4,5.2,389,119,5.0,10.4,21.1,498,43,Recommended,Asthma
Berries,Veg,24,18.0,1.8,67,145,7.7,22.6,7.0,177,43,Recommended,Asthma
Fish,Non-Veg,83,6.7,6.6,104,128,6.1,7.6,0.4,116,28,Avoid,Diabetes
Milk,Veg,50,1.1,5.2,267,32,7.1,23.2,12.5,287,65,Recommended,Renal Stone
Orange,Veg,77,4.5,8.4,369,84,0.1,24.3,17.5,567,36,Recommended,Asthma
Fish,Non-Veg,41,5.7,2.4,97,125,9.7,11.2,22.0,428,54,Recommended,Asthma
Ice Cream,Veg,57,15.4,2.9,37,116,9.5,22.5,19.8,96,75,Recommended,Asthma
Yogurt,Veg,75,4.8,1.7,193,0,10.0,11.9,14.5,188,21,Recommended,Bronchitis
Coffee,Veg,52,8.5,0.1,398,109,7.5,20.5,22.8,125,80,Recommended,Tonsillitis
Ginger,Veg,33,11.9,8.6,269,86,1.0,9.5,15.9,295,72,Recommended,Asthma
Potato,Veg,37,15.9,7.7,476,127,5.5,23.6,14.0,231,58,Recommended,Anemia
Honey,Veg,22,3.7,1.6,98,14,10.2,20.7,21.1,547,52,Avoid,Cholesterol
Pasta,Veg,84,1.9,3.9,475,36,5.3,18.3,1.3,542,45,Avoid,Obesity
White Bread,Veg,65,16.9,9.0,150,98,3.6,17.3,22.2,408,61,Recommended,Bronchitis
Fruit Juice,Veg,71,4.8,8.9,467,18,8.9,13.3,13.4,93,66,Avoid,Diabetes
Yogurt,Veg,54,6.8,3.1,439,75,4.6,18.0,22.0,158,50,Recommended,Anemia
Garlic,Veg,74,2.6,3.6,314,136,7.7,6.9,4.1,590,72,Avoid,Cholesterol
Fish,Non-Veg,44,7.6,7.7,419,108,1.8,14.3,2.1,301,57,Recommended,Anemia
Honey,Veg,44,17.2,0.8,275,114,10.0,18.7,4.0,289,50,Recommended,Renal Stone
Banana,Veg,73,7.4,9.7,478,118,2.9,12.6,6.2,234,69,Avoid,Hypertension
Cheese,Veg,31,2.2,4.4,258,82,7.4,18.5,21.0,207,38,Recommended,Diabetes
Spinach,Veg,70,17.7,6.9,303,27,10.5,5.9,8.5,352,51,Recommended,Tonsillitis
Potato,Veg,34,18.2,3.2,149,19,7.4,13.7,4.8,182,35,Avoid,Diabetes
Cheese,Veg,35,6.3,9.5,313,108,3.3,23.5,23.2,173,14,Recommended,Anemia
Berries,Veg,85,5.2,9.0,264,111,10.2,24.4,7.3,137,27,Avoid,Obesity
Sugar,Veg,42,14.1,4.4,166,20,2.0,4.1,22.2,103,59,Recommended,Cholesterol
Tofu,Veg,38,17.5,0.0,313,141,1.1,5.6,23.0,587,31,Recommended,Bronchitis
Onion,Veg,65,1.9,4.2,203,41,4.1,15.3,4.0,583,43,Recommended,Tonsillitis
Sugar,Veg,77,3.7,1.5,440,108,5.5,2.7,17.9,83,55,Recommended,Renal Stone
Pasta,Veg,43,12.8,3.8,62,131,11.5,14.2,10.8,330,66,Recommended,Hypertension
Fruit Juice,Veg,89,0.5,8.5,404,50,0.9,22.7,14.2,84,34,Avoid,Cholesterol
Eggs,Non-Veg,35,13.9,6.0,14,4,11.5,11.2,19.6,109,50,Recommended,Asthma
Oats,Veg,83,10.8,7.2,353,111,4.1,15.3,23.3,409,33,Recommended,Tonsillitis
Mushroom,Veg,46,5.8,8.1,216,92,4.0,10.2,9.7,84,43,Recommended,Diabetes
Almonds,Veg,65,4.0,1.4,360,133,0.8,3.2,13.0,358,56,Avoid,Renal Stone
Almonds,Veg,80,3.1,2.4,158,106,9.6,6.4,25.0,138,62,Recommended,Obesity
Coffee,Veg,38,5.0,8.4,60,121,9.0,1.2,9.3,186,52,Recommended,Bronchitis
Milk,Veg,89,4.1,9.1,124,109,5.5,8.4,5.4,209,12,Recommended,Bronchitis
White Bread,Veg,50,19.8,6.2,155,139,2.6,15.0,20.1,362,34,Recommended,Hypertension
Fish,Non-Veg,63,17.0,2.8,243,16,7.7,4.0,21.4,77,11,Recommended,Bronchitis
Honey,Veg,44,12.5,9.7,490,19,8.3,0.1,23.5,195,40,Avoid,Diabetes
Green Tea,Veg,51,6.2,3.3,447,103,11.4,6.6,18.0,515,27,Avoid,Hypertension
Soy Milk,Veg,22,19.8,3.9,349,22,11.4,8.4,11.5,468,76,Recommended,Asthma
Spinach,Veg,42,18.9,4.7,456,11,7.1,19.5,23.1,375,46,Recommended,Asthma
Onion,Veg,33,7.2,5.8,289,24,4.6,21.1,16.4,366,31,Avoid,Obesity
Eggs,Non-Veg,49,12.4,1.1,168,68,10.6,15.2,18.2,545,52,Recommended,Hypertension
Burger,Veg,27,0.4,3.4,169,116,4.5,20.2,9.2,168,40,Avoid,Bronchitis
Soda,Veg,32,16.4,0.3,477,2,4.6,0.3,18.4,281,74,Recommended,Cholesterol
Tea,Veg,36,8.2,4.1,8,131,2.2,15.6,18.0,315,45,Recommended,Hypertension
Orange,Veg,90,10.9,5.7,386,105,7.1,5.3,11.4,156,24,Recommended,Bronchitis
Almonds,Veg,53,15.4,8.0,489,30,2.2,2.0,8.1,147,70,Recommended,Bronchitis
Oats,Veg,75,8.1,4.6,89,45,2.1,2.2,8.0,139,63,Avoid,Diabetes
Soda,Veg,43,12.7,9.6,435,96,6.6,22.3,3.5,482,50,Avoid,Cholesterol
Eggs,Non-Veg,44,4.7,5.5,474,82,4.6,21.0,14.6,496,26,Recommended,Tonsillitis
Cheese,Veg,71,8.5,2.3,276,9,7.3,23.9,20.1,223,59,Recommended,Bronchitis
Potato,Veg,50,8.1,7.8,40,23,8.9,19.1,8.1,83,55,Recommended,Diabetes
Dark Chocolate,Veg,77,16.0,1.6,259,77,6.9,19.6,20.2,70,41,Avoid,Obesity
Oats,Veg,27,5.0,1.3,189,53,11.8,22.3,15.4,210,33,Avoid,Obesity
Cucumber,Veg,55,15.1,0.9,81,83,3.5,23.3,1.7,342,18,Avoid,Cholesterol
Tea,Veg,41,8.0,7.3,109,62,4.1,22.8,11.0,593,59,Recommended,Asthma
Salt,Veg,40,13.9,2.5,424,42,3.2,5.8,9.4,79,56,Avoid,Obesity
Quinoa,Veg,74,9.2,5.5,473,60,7.6,2.2,9.6,215,58,Recommended,Bronchitis
Walnuts,Veg,26,18.9,3.1,6,100,5.4,8.4,16.8,63,46,Recommended,Hypertension
Walnuts,Veg,59,6.1,0.1,121,87,5.2,20.9,18.5,477,26,Avoid,Cholesterol
Berries,Veg,87,5.4,3.5,174,13,4.2,21.6,4.4,402,50,Recommended,Tonsillitis
Red Meat,Non-Veg,37,3.1,0.3,209,67,11.0,1.0,6.6,202,34,Recommended,Tonsillitis
Mushroom,Veg,85,17.1,5.1,376,101,4.9,21.0,1.4,220,73,Avoid,Cholesterol
Sweet Potato,Veg,84,11.2,6.8,126,7,4.1,16.4,12.2,222,19,Recommended,Tonsillitis
Brown Rice,Veg,42,19.8,8.3,296,117,11.6,22.9,7.8,434,34,Recommended,Renal Stone
Lentils,Veg,36,0.5,5.5,189,15,7.4,17.5,14.9,66,15,Recommended,Renal Stone
Pasta,Veg,39,2.7,2.3,448,12,8.8,22.1,9.3,424,72,Avoid,Anemia
Coffee,Veg,26,17.0,2.3,196,82,7.2,2.7,24.1,194,25,Avoid,Cholesterol
Spinach,Veg,51,1.0,0.5,46,67,1.0,19.0,5.6,548,28,Recommended,Tonsillitis
Salt,Veg,72,1.1,1.6,36,53,8.2,15.5,20.2,504,26,Avoid,Diabetes
Sweet Potato,Veg,26,1.8,2.1,194,48,9.2,16.8,15.3,155,36,Avoid,Obesity
Onion,Veg,74,9.5,9.3,75,91,5.7,6.7,19.9,431,68,Avoid,Diabetes
Coffee,Veg,77,17.3,5.7,348,108,9.5,15.9,4.5,559,50,Avoid,Diabetes
Cucumber,Veg,87,0.0,5.7,132,116,1.5,15.1,18.8,157,50,Recommended,Bronchitis
Carrot,Veg,58,13.5,5.4,144,36,4.2,5.4,23.7,66,32,Recommended,Tonsillitis
Honey,Veg,21,12.7,3.1,426,44,7.1,2.6,2.7,348,55,Avoid,Obesity
Beetroot,Veg,63,1.2,0.5,413,70,8.2,11.4,22.8,260,80,Recommended,Asthma
Oats,Veg,53,13.9,2.9,39,88,0.7,22.2,8.7,102,77,Recommended,Tonsillitis
Green Tea,Veg,54,6.6,8.0,366,115,11.6,20.9,22.4,247,54,Recommended,Renal Stone
Coffee,Veg,84,15.7,6.0,82,129,7.3,24.6,11.4,333,58,Recommended,Renal Stone
Burger,Veg,46,19.8,8.0,300,2,4.4,12.7,17.8,99,60,Avoid,Obesity
Eggs,Non-Veg,72,16.0,8.3,424,120,4.9,5.1,12.2,519,34,Recommended,Tonsillitis
Brown Rice,Veg,31,2.2,2.6,312,61,11.4,19.4,8.3,265,42,Avoid,Obesity
Tomato,Veg,56,13.1,6.0,189,12,2.0,16.3,2.6,558,68,Avoid,Cholesterol
Pizza,Veg,57,10.3,3.2,270,20,4.7,23.6,12.4,393,17,Avoid,Diabetes
Spinach,Veg,54,2.7,4.2,248,52,0.9,14.3,23.1,580,75,Recommended,Anemia
Eggs,Non-Veg,55,14.5,8.5,197,5,3.5,0.6,14.1,269,70,Avoid,Obesity
Tofu,Veg,36,4.4,4.5,229,70,11.4,6.7,14.1,111,64,Avoid,Hypertension
Tofu,Veg,34,7.4,4.1,439,31,3.4,0.6,3.9,568,56,Recommended,Anemia
Garlic,Veg,88,10.8,7.9,214,21,11.0,16.9,8.3,136,28,Recommended,Asthma
Onion,Veg,78,9.0,3.2,300,128,2.5,1.6,5.5,88,13,Recommended,Tonsillitis
Ginger,Veg,45,17.5,5.6,291,140,10.1,20.4,14.8,357,32,Recommended,Bronchitis
Butter,Veg,68,12.7,2.2,274,94,9.4,11.1,13.2,334,47,Avoid,Hypertension
Apple,Veg,64,14.4,0.3,178,92,8.6,16.8,2.4,379,26,Avoid,Diabetes
Yogurt,Veg,88,9.2,0.8,444,47,6.2,10.6,17.9,51,18,Recommended,Bronchitis
Broccoli,Veg,72,16.5,0.7,179,7,6.3,24.0,3.8,262,79,Recommended,Tonsillitis
Pizza,Veg,52,1.3,0.8,63,146,8.7,3.4,20.0,592,70,Avoid,Anemia
Eggs,Non-Veg,67,12.7,5.8,247,4,0.4,15.4,14.5,358,12,Avoid,Cholesterol
Oats,Veg,84,4.1,5.6,259,66,3.9,7.9,15.4,122,76,Avoid,Hypertension
Tofu,Veg,37,10.0,8.3,486,88,7.9,8.0,13.4,541,58,Avoid,Hypertension
Tomato,Veg,71,12.3,0.5,236,55,9.2,17.2,10.8,218,15,Recommended,Bronchitis
Pizza,Veg,32,18.8,2.7,49,116,4.1,8.5,8.1,60,14,Recommended,Tonsillitis
White Bread,Veg,84,6.7,5.0,264,32,7.1,7.1,12.0,143,53,Avoid,Diabetes
Oats,Veg,46,15.2,1.7,266,37,2.9,10.0,21.2,106,75,Avoid,Obesity
Chips,Veg,60,8.4,5.3,231,82,8.2,6.3,12.2,315,30,Avoid,Cholesterol
Onion,Veg,57,4.3,5.7,73,76,11.2,22.6,3.1,374,29,Recommended,Hypertension
Spinach,Veg,57,4.5,4.6,342,130,11.8,0.0,6.8,335,38,Recommended,Diabetes
Honey,Veg,89,17.8,1.8,367,95,7.9,11.8,23.6,218,48,Avoid,Cholesterol
Spinach,Veg,49,19.6,2.3,266,77,7.6,15.4,19.9,396,37,Avoid,Renal Stone
Honey,Veg,62,18.4,5.4,147,14,9.9,18.3,23.8,80,79,Recommended,Anemia
Cucumber,Veg,38,17.7,6.1,200,126,11.8,20.5,8.2,511,26,Avoid,Cholesterol
Chips,Veg,25,1.4,6.9,385,145,6.5,7.9,17.2,52,49,Avoid,Cholesterol
Butter,Veg,48,18.9,9.8,119,90,11.9,16.8,3.3,370,49,Recommended,Asthma
Sweet Potato,Veg,61,4.5,4.6,369,82,5.6,18.8,16.3,197,29,Recommended,Tonsillitis
Sugar,Veg,38,15.2,2.3,397,0,7.5,16.9,23.4,563,76,Recommended,Renal Stone
Potato,Veg,63,12.6,2.1,345,87,2.2,18.2,19.6,342,58,Avoid,Anemia
Cheese,Veg,71,7.8,5.7,438,31,4.4,1.3,7.4,135,63,Avoid,Asthma
Potato,Veg,89,3.9,9.0,445,94,6.7,13.2,20.9,473,64,Recommended,Anemia
Tea,Veg,34,9.2,6.6,396,31,7.0,18.8,1.1,370,63,Recommended,Anemia
Soda,Veg,75,3.2,3.4,137,19,5.1,5.7,9.0,266,21,Recommended,Cholesterol
Yogurt,Veg,20,13.7,3.5,275,6,10.1,3.8,8.1,347,55,Recommended,Anemia
Salt,Veg,45,6.8,1.3,494,36,4.5,20.2,13.4,209,48,Recommended,Renal Stone
Red Meat,Non-Veg,80,19.6,8.7,140,67,11.2,7.9,21.8,98,23,Recommended,Renal Stone
Soda,Veg,31,18.1,9.5,17,127,0.4,17.8,21.5,116,70,Avoid,Tonsillitis
Chicken Breast,Non-Veg,43,16.1,8.2,123,110,2.3,24.1,5.0,153,42,Recommended,Anemia
Orange,Veg,62,2.4,4.2,74,87,3.2,24.7,20.2,53,16,Recommended,Asthma
Tofu,Veg,30,7.8,0.5,370,25,10.9,0.4,6.2,546,65,Avoid,Anemia
Banana,Veg,43,0.7,5.3,417,89,9.2,24.8,7.5,472,22,Recommended,Tonsillitis
Tofu,Veg,87,8.7,7.5,287,103,6.1,12.2,20.1,501,57,Recommended,Asthma
Banana,Veg,26,0.3,8.1,222,91,10.2,13.0,7.1,249,31,Recommended,Bronchitis
Ginger,Veg,70,13.2,2.4,308,35,10.2,2.7,17.3,140,15,Avoid,Diabetes
Spinach,Veg,50,18.9,3.4,160,99,0.5,16.7,6.9,258,22,Avoid,Obesity
Chips,Veg,71,10.3,2.7,134,21,8.9,8.7,14.9,532,73,Avoid,Cholesterol
Mushroom,Veg,51,1.7,6.9,451,23,1.0,6.8,1.5,342,62,Recommended,Tonsillitis
Fish,Non-Veg,61,12.4,2.9,358,18,6.6,4.9,14.1,486,67,Recommended,Renal Stone
Garlic,Veg,27,14.4,0.3,419,134,8.6,10.5,18.3,549,22,Recommended,Asthma
Orange,Veg,87,15.4,3.3,44,76,3.1,17.9,3.6,546,77,Avoid,Obesity
Lentils,Veg,80,5.0,6.1,134,131,6.2,1.3,23.7,320,75,Recommended,Asthma
Cabbage,Veg,49,7.3,6.5,366,59,4.6,12.3,23.7,538,47,Avoid,Cholesterol
Onion,Veg,44,1.3,1.9,442,138,2.7,10.0,6.2,145,49,Recommended,Bronchitis
Chips,Veg,28,9.1,7.5,454,6,9.6,9.3,5.5,121,62,Recommended,Anemia
Quinoa,Veg,64,4.7,4.3,85,91,5.5,3.7,5.5,483,29,Recommended,Asthma
Cheese,Veg,48,8.7,9.2,16,12,3.8,24.1,6.4,267,38,Recommended,Diabetes
Milk,Veg,54,1.3,2.1,263,137,11.4,24.1,8.3,426,80,Avoid,Asthma
Lentils,Veg,34,8.6,8.4,74,6,3.3,8.5,4.4,422,27,Recommended,Asthma
Berries,Veg,80,17.5,4.6,443,4,7.1,15.0,11.2,120,43,Avoid,Obesity
Honey,Veg,68,19.6,5.1,464,124,3.0,18.4,22.1,342,32,Avoid,Diabetes
Almonds,Veg,29,17.4,9.8,215,141,2.5,24.9,19.5,151,36,Recommended,Asthma
Berries,Veg,65,17.9,9.7,262,19,4.8,15.6,24.4,422,32,Recommended,Bronchitis
Ginger,Veg,70,5.5,8.6,466,68,3.9,13.2,1.6,248,50,Avoid,Obesity
Cabbage,Veg,81,1.4,8.0,445,30,5.6,12.8,12.3,173,71,Recommended,Anemia
Sweet Potato,Veg,72,6.2,3.5,306,131,4.1,14.1,1.2,202,37,Recommended,Renal Stone
Tomato,Veg,45,4.5,3.4,53,34,11.2,7.1,8.0,50,58,Recommended,Tonsillitis
Ginger,Veg,23,8.3,8.4,174,125,2.0,24.2,22.0,65,77,Avoid,Obesity
Butter,Veg,74,8.6,2.0,377,30,1.5,4.5,4.4,214,30,Avoid,Cholesterol
Coffee,Veg,44,1.6,6.1,191,6,6.8,23.4,1.4,421,47,Recommended,Asthma
Beetroot,Veg,20,11.2,6.8,49,35,5.3,17.1,23.0,272,47,Avoid,Cholesterol
White Bread,Veg,70,19.5,0.4,230,135,11.2,14.9,12.3,158,58,Avoid,Anemia
Eggs,Non-Veg,70,2.7,1.7,231,62,2.6,7.8,0.9,146,69,Recommended,Tonsillitis
Pizza,Veg,89,1.1,4.0,448,62,8.3,11.1,11.2,465,21,Recommended,Renal Stone
Coffee,Veg,66,5.8,2.4,137,3,6.6,15.3,22.4,89,51,Recommended,Asthma
Mushroom,Veg,75,2.2,8.9,379,96,7.0,10.2,11.2,593,45,Avoid,Cholesterol
Soy Milk,Veg,68,3.9,2.6,276,117,1.5,2.0,5.4,564,64,Avoid,Diabetes
Fish,Non-Veg,21,2.7,3.2,341,80,0.5,4.4,13.4,391,47,Recommended,Tonsillitis
Fruit Juice,Veg,42,6.6,8.6,417,79,11.7,21.2,11.6,150,70,Recommended,Anemia
Milk,Veg,33,5.9,6.4,106,92,3.4,2.6,16.3,248,28,Recommended,Bronchitis
Quinoa,Veg,81,1.0,8.0,194,125,0.6,5.5,6.6,107,37,Recommended,Tonsillitis
Lentils,Veg,69,17.2,4.4,246,14,0.2,21.9,10.5,162,24,Recommended,Tonsillitis
Orange,Veg,66,19.6,6.9,296,107,7.2,1.2,3.9,449,11,Avoid,Obesity
Tofu,Veg,33,9.2,7.2,391,148,4.1,22.1,24.8,56,12,Recommended,Bronchitis
White Bread,Veg,62,11.0,5.5,323,104,4.6,4.2,1.1,567,65,Recommended,Tonsillitis
Quinoa,Veg,85,11.3,2.5,283,108,6.9,1.4,19.4,482,60,Avoid,Cholesterol
Soy Milk,Veg,26,14.4,6.4,361,15,1.6,24.3,9.3,294,52,Recommended,Bronchitis
Chicken Breast,Non-Veg,78,11.3,2.9,157,120,8.3,4.7,20.3,185,24,Avoid,Cholesterol
Yogurt,Veg,62,5.7,5.5,130,104,2.3,17.0,9.6,141,41,Recommended,Renal Stone
Eggs,Non-Veg,72,10.8,4.7,315,27,0.8,21.5,12.3,359,45,Avoid,Hypertension
Quinoa,Veg,74,15.5,0.9,464,129,6.6,1.5,11.6,204,64,Recommended,Asthma
Lentils,Veg,43,7.3,8.2,135,21,4.8,10.7,7.1,551,65,Avoid,Obesity
Chips,Veg,86,6.2,2.6,296,93,0.4,10.7,17.1,250,43,Recommended,Bronchitis
White Bread,Veg,89,1.1,2.4,60,120,4.3,24.4,18.7,558,56,Avoid,Obesity
Eggs,Non-Veg,90,17.3,3.2,483,25,10.6,8.4,14.0,164,79,Recommended,Bronchitis
Beetroot,Veg,39,16.8,2.7,278,86,5.8,15.9,23.4,523,27,Avoid,Hypertension
Pasta,Veg,79,6.8,6.0,262,123,3.1,11.5,1.8,280,80,Recommended,Renal Stone
Coffee,Veg,79,8.9,5.8,106,105,1.3,6.1,18.7,77,46,Recommended,Hypertension
Milk,Veg,23,2.4,8.6,317,7,7.5,18.6,18.3,525,56,Recommended,Bronchitis
Oats,Veg,72,13.0,2.4,343,56,3.5,16.9,4.2,268,15,Recommended,Tonsillitis
White Bread,Veg,78,16.9,9.5,55,42,9.9,4.3,5.6,276,20,Recommended,Cholesterol
Ginger,Veg,65,9.2,4.2,7,144,1.3,13.5,13.6,198,75,Recommended,Renal Stone
Fish,Non-Veg,82,1.7,1.7,424,95,8.1,23.1,1.0,527,68,Recommended,Asthma
Sweet Potato,Veg,80,10.9,9.4,225,146,6.0,23.6,1.3,156,67,Recommended,Anemia
Onion,Veg,27,6.2,9.6,173,29,1.0,7.1,5.4,541,16,Recommended,Asthma
Sweet Potato,Veg,43,15.2,5.9,144,36,5.2,21.9,13.5,110,45,Avoid,Obesity
Soy Milk,Veg,53,14.9,5.5,331,39,11.7,24.9,21.5,533,18,Avoid,Obesity
Burger,Veg,63,19.9,3.2,194,9,4.1,11.7,5.9,510,61,Recommended,Tonsillitis
Lentils,Veg,78,6.6,0.4,208,58,3.1,19.3,14.3,576,54,Recommended,Anemia
Brown Rice,Veg,55,2.8,3.4,400,13,2.6,9.6,1.6,566,73,Recommended,Tonsillitis
Fruit Juice,Veg,79,19.6,7.2,167,112,10.6,19.0,9.2,479,22,Avoid,Cholesterol
Fish,Non-Veg,76,14.9,7.4,431,75,1.7,24.5,3.1,306,44,Avoid,Cholesterol
Yogurt,Veg,52,7.8,5.3,495,45,5.0,23.1,20.8,67,32,Avoid,Hypertension
Cabbage,Veg,53,9.0,2.8,34,20,6.6,20.8,9.8,586,28,Recommended,Hypertension
Pizza,Veg,82,0.7,1.7,165,150,1.0,23.9,14.0,539,65,Avoid,Bronchitis
Banana,Veg,81,1.6,0.6,28,53,11.3,13.0,7.1,434,57,Avoid,Anemia
Cheese,Veg,26,4.5,6.8,319,65,4.5,12.2,3.3,87,68,Recommended,Bronchitis
Olive Oil,Veg,38,9.3,7.6,181,85,0.3,16.6,14.6,59,57,Avoid,Cholesterol
Pizza,Veg,43,3.5,0.7,382,63,5.1,0.6,17.7,459,23,Avoid,Bronchitis
Potato,Veg,90,0.7,4.8,141,12,11.7,21.5,6.5,287,32,Recommended,Bronchitis
Ice Cream,Veg,61,18.1,5.1,174,78,5.8,6.4,24.1,128,67,Recommended,Renal Stone
Burger,Veg,79,6.5,4.2,158,93,3.3,18.8,19.2,571,61,Avoid,Obesity
Cheese,Veg,43,13.3,7.4,25,108,6.2,12.0,13.0,151,14,Avoid,Obesity
Garlic,Veg,88,15.2,8.1,44,7,2.5,22.8,18.0,161,72,Avoid,Cholesterol
Salt,Veg,35,17.4,0.6,233,84,8.2,19.6,3.0,311,69,Avoid,Hypertension
Banana,Veg,51,2.1,1.8,107,133,8.8,20.8,5.6,584,30,Recommended,Tonsillitis
Honey,Veg,59,7.0,4.5,307,94,4.3,4.3,15.4,354,24,Recommended,Asthma
Broccoli,Veg,27,8.6,3.1,198,119,1.6,11.4,20.1,268,23,Avoid,Cholesterol
Spinach,Veg,87,10.1,1.3,205,108,5.8,13.4,5.0,414,12,Avoid,Hypertension
Yogurt,Veg,65,16.7,3.6,498,86,9.4,20.1,23.7,473,44,Recommended,Tonsillitis
Garlic,Veg,36,4.5,7.9,483,71,9.3,1.4,22.7,295,23,Avoid,Cholesterol
Orange,Veg,77,1.4,3.0,24,77,1.0,17.1,5.9,53,66,Avoid,Obesity
Cabbage,Veg,38,12.4,5.0,448,63,5.8,24.8,9.7,175,22,Recommended,Tonsillitis
Onion,Veg,80,1.3,5.0,477,46,1.3,22.2,11.9,331,33,Avoid,Diabetes
Lentils,Veg,70,13.0,0.6,377,135,6.3,22.0,22.8,388,14,Avoid,Diabetes
Berries,Veg,49,5.7,7.2,160,54,10.9,6.3,16.1,233,19,Recommended,Hypertension
Tea,Veg,80,17.9,5.4,398,148,7.2,16.8,10.5,305,20,Recommended,Anemia
Mushroom,Veg,24,19.7,9.6,430,114,2.6,10.4,3.8,365,57,Recommended,Tonsillitis
Sweet Potato,Veg,24,1.8,3.9,381,120,11.9,23.8,8.4,95,14,Recommended,Bronchitis
Cabbage,Veg,22,15.5,6.0,320,119,10.7,3.4,16.2,554,43,Recommended,Tonsillitis
Yogurt,Veg,46,6.4,5.7,11,0,7.7,4.6,14.2,127,72,Recommended,Cholesterol
Cheese,Veg,24,8.6,2.3,296,24,8.4,13.7,10.9,164,67,Avoid,Obesity
Ginger,Veg,31,4.4,6.4,345,73,9.4,24.9,11.7,478,79,Recommended,Anemia
Berries,Veg,35,6.7,4.2,95,93,6.3,3.2,19.0,327,12,Recommended,Asthma
Tomato,Veg,86,3.1,9.3,202,124,11.6,15.3,9.7,204,54,Recommended,Anemia
Mushroom,Veg,53,2.1,3.2,237,99,1.6,10.5,2.3,334,51,Avoid,Obesity
Butter,Veg,41,6.4,6.0,273,76,3.0,13.6,13.7,249,40,Avoid,Obesity
Chicken Breast,Non-Veg,56,6.6,9.6,177,1,9.4,0.6,14.3,358,53,Avoid,Obesity
Cheese,Veg,51,9.5,1.8,341,107,9.1,5.8,3.7,65,78,Recommended,Tonsillitis
Dark Chocolate,Veg,79,16.0,8.1,268,57,3.6,23.5,13.4,350,11,Recommended,Renal Stone
Tofu,Veg,38,5.1,0.5,128,83,2.8,6.5,12.9,583,36,Recommended,Hypertension
Burger,Veg,85,13.7,9.6,287,147,5.9,20.7,17.1,465,11,Avoid,Bronchitis
Honey,Veg,50,0.7,1.1,314,140,10.0,1.3,1.4,61,50,Recommended,Bronchitis
Cabbage,Veg,75,0.6,8.1,422,84,2.2,3.9,4.9,404,37,Avoid,Diabetes
Garlic,Veg,76,11.5,1.1,339,118,9.5,17.8,20.3,460,21,Avoid,Cholesterol
Honey,Veg,65,19.3,3.9,470,44,0.2,15.0,7.9,508,43,Recommended,Renal Stone
Brown Rice,Veg,23,5.7,9.6,67,108,2.5,7.9,17.4,313,15,Recommended,Bronchitis
Sweet Potato,Veg,44,13.2,8.5,201,19,2.2,10.3,2.1,99,26,Avoid,Diabetes
Mushroom,Veg,51,14.1,6.2,177,12,8.8,2.1,10.7,304,29,Recommended,Renal Stone
Oats,Veg,47,15.1,5.0,447,141,5.1,10.7,0.8,303,12,Avoid,Cholesterol
Sugar,Veg,46,9.5,5.4,126,143,1.6,14.5,5.6,540,29,Avoid,Diabetes
Garlic,Veg,55,18.3,2.2,299,47,10.7,0.2,18.4,272,42,Avoid,Hypertension
Potato,Veg,75,12.5,3.5,281,91,8.3,3.1,19.9,443,17,Recommended,Bronchitis
Soy Milk,Veg,85,7.7,2.1,360,98,5.8,10.7,4.2,330,42,Recommended,Tonsillitis
Honey,Veg,85,6.9,6.7,81,17,6.7,15.4,14.6,512,13,Recommended,Bronchitis
Soda,Veg,22,15.8,0.5,335,50,5.7,11.9,19.2,331,77,Recommended,Renal Stone
Yogurt,Veg,58,14.9,9.1,40,13,1.6,4.7,23.5,311,43,Recommended,Hypertension
Brown Rice,Veg,27,1.9,7.1,121,17,10.9,5.8,16.9,563,29,Recommended,Renal Stone
Ice Cream,Veg,47,14.6,0.9,207,62,5.5,12.6,6.5,201,41,Avoid,Anemia
Banana,Veg,50,9.6,1.6,212,44,0.7,18.7,5.4,584,65,Recommended,Tonsillitis
Brown Rice,Veg,35,18.3,5.6,317,96,11.3,15.1,7.1,520,33,Recommended,Bronchitis
Lentils,Veg,54,10.9,8.1,269,11,8.4,19.8,5.8,195,58,Recommended,Asthma
Spinach,Veg,32,8.8,9.8,18,47,1.1,20.9,14.2,71,76,Avoid,Cholesterol
Olive Oil,Veg,69,11.6,2.1,80,145,3.7,19.2,6.8,319,79,Recommended,Bronchitis
Apple,Veg,44,3.1,8.2,381,71,6.0,19.7,15.6,102,22,Recommended,Bronchitis
Butter,Veg,82,16.4,7.9,111,22,10.1,5.9,1.5,130,27,Avoid,Diabetes
Peanuts,Veg,86,18.8,1.3,419,9,3.7,8.9,9.2,55,51,Avoid,Renal Stone
Salt,Veg,43,1.1,5.0,101,148,5.2,19.7,1.7,314,43,Recommended,Renal Stone
Honey,Veg,39,6.7,1.4,188,42,4.1,13.0,23.0,306,58,Avoid,Obesity
Pasta,Veg,76,1.4,4.4,392,26,7.6,8.4,25.0,228,33,Recommended,Renal Stone
Berries,Veg,89,17.3,5.5,435,23,5.7,20.1,19.3,355,38,Recommended,Renal Stone
Pasta,Veg,45,11.6,9.1,311,147,8.6,3.1,1.6,79,78,Recommended,Renal Stone
Cheese,Veg,52,17.4,1.8,176,27,7.3,24.1,9.7,420,51,Recommended,Hypertension
Fruit Juice,Veg,53,0.6,8.4,355,124,8.7,23.8,20.3,408,41,Avoid,Obesity
Walnuts,Veg,25,18.3,0.4,86,92,2.4,15.0,19.9,350,43,Recommended,Bronchitis
Garlic,Veg,20,5.8,9.1,260,102,4.2,21.9,15.9,311,16,Recommended,Asthma
Broccoli,Veg,35,10.0,4.3,80,116,0.6,8.2,9.5,370,47,Avoid,Cholesterol
Lentils,Veg,38,13.9,8.4,423,44,10.2,15.7,8.7,287,16,Recommended,Renal Stone
Tea,Veg,38,18.8,4.7,178,84,6.2,7.0,19.3,510,31,Avoid,Obesity
Brown Rice,Veg,20,4.8,3.2,473,118,6.2,9.6,10.2,246,62,Recommended,Anemia
Chips,Veg,49,18.3,9.6,432,102,7.4,18.0,17.9,326,70,Recommended,Asthma
Onion,Veg,51,10.1,3.4,386,54,0.2,15.2,11.2,275,65,Recommended,Tonsillitis
Quinoa,Veg,21,4.7,3.7,460,21,1.6,0.7,7.6,394,29,Recommended,Renal Stone
Olive Oil,Veg,53,16.1,5.4,397,50,5.0,14.8,18.5,218,73,Avoid,Diabetes
Pizza,Veg,45,12.6,7.4,336,7,6.5,8.2,14.7,142,46,Avoid,Diabetes
Burger,Veg,29,6.4,3.5,85,40,11.0,17.3,18.7,529,48,Recommended,Anemia
Cucumber,Veg,67,15.8,8.2,376,73,10.9,13.5,4.4,296,53,Avoid,Cholesterol
Soy Milk,Veg,22,7.1,8.0,48,88,9.2,19.3,11.9,363,24,Recommended,Hypertension
Spinach,Veg,76,15.1,3.2,154,89,11.7,1.5,2.5,448,13,Avoid,Obesity
Butter,Veg,48,5.3,0.6,259,105,11.5,23.1,20.9,243,12,Avoid,Hypertension
Fruit Juice,Veg,45,15.9,7.8,194,60,5.9,3.1,24.9,318,65,Recommended,Bronchitis
Fruit Juice,Veg,40,15.3,4.4,15,14,4.5,0.7,1.7,251,24,Recommended,Anemia
Fish,Non-Veg,23,5.0,6.3,128,149,1.7,22.8,14.7,400,37,Avoid,Obesity
Milk,Veg,33,15.0,3.9,235,79,10.3,7.6,3.0,330,74,Avoid,Hypertension
Sugar,Veg,36,19.4,8.7,312,33,9.2,8.8,16.0,59,60,Recommended,Asthma
Potato,Veg,24,15.0,1.6,372,132,8.7,9.6,23.8,393,29,Recommended,Bronchitis
Yogurt,Veg,39,15.4,8.1,177,54,8.6,4.0,20.5,506,27,Avoid,Obesity
Orange,Veg,64,19.5,5.3,399,110,2.7,13.8,16.2,418,43,Avoid,Obesity
Salt,Veg,48,1.6,2.5,47,101,3.8,6.6,6.0,227,75,Recommended,Renal Stone
Honey,Veg,21,7.8,1.4,19,142,3.0,16.8,21.0,93,79,Recommended,Hypertension
Potato,Veg,72,15.2,1.1,143,40,2.3,6.7,14.4,449,52,Recommended,Hypertension
Garlic,Veg,46,13.8,5.6,338,102,3.2,11.0,19.4,369,68,Avoid,Hypertension
Red Meat,Non-Veg,84,1.2,2.2,112,97,4.5,8.7,2.8,320,36,Recommended,Hypertension
Green Tea,Veg,60,0.8,1.3,36,103,7.2,2.4,22.7,176,56,Recommended,Obesity
Cheese,Veg,58,6.1,0.3,325,114,4.1,12.6,8.5,211,27,Avoid,Anemia
Ginger,Veg,89,8.1,6.3,129,94,7.2,14.9,11.0,187,25,Avoid,Cholesterol
Sweet Potato,Veg,58,1.9,3.3,361,47,4.6,20.5,24.6,358,38,Avoid,Obesity
Walnuts,Veg,77,9.4,5.8,230,130,8.8,23.1,1.2,165,44,Avoid,Obesity
Cheese,Veg,53,8.2,8.5,296,62,8.7,10.4,17.1,571,36,Avoid,Cholesterol
Tomato,Veg,36,4.8,4.6,176,18,6.7,24.4,9.8,539,13,Recommended,Tonsillitis
Chips,Veg,20,10.4,5.1,419,143,10.4,10.8,5.7,253,65,Recommended,Anemia
Sweet Potato,Veg,45,6.2,2.1,424,68,2.3,13.8,4.7,87,19,Recommended,Asthma
Cabbage,Veg,58,14.1,9.3,47,128,4.1,1.5,17.2,58,61,Recommended,Asthma
Salt,Veg,51,9.0,5.3,351,53,1.6,20.9,1.4,175,53,Recommended,Bronchitis
Olive Oil,Veg,22,14.1,3.2,237,6,7.6,15.0,10.9,569,38,Avoid,Hypertension
Chips,Veg,24,13.1,4.8,261,11,4.5,4.4,22.5,554,18,Recommended,Asthma
Chips,Veg,64,4.3,3.1,455,114,2.6,5.8,9.6,468,18,Avoid,Obesity
Green Tea,Veg,88,9.7,9.4,150,101,10.3,13.3,21.5,162,66,Recommended,Diabetes
Tea,Veg,25,5.5,3.3,23,87,6.3,1.3,12.7,374,69,Avoid,Cholesterol
Fruit Juice,Veg,54,1.4,3.1,348,49,2.2,1.2,23.7,94,37,Recommended,Cholesterol
Sugar,Veg,84,15.5,6.6,247,130,1.0,5.7,19.5,301,24,Recommended,Bronchitis
Milk,Veg,63,10.5,8.6,42,35,0.7,6.4,2.3,81,19,Recommended,Renal Stone
Brown Rice,Veg,59,4.5,7.5,88,11,10.7,18.0,15.0,137,48,Recommended,Hypertension
Beetroot,Veg,49,18.2,0.4,420,57,5.9,4.9,22.4,366,35,Recommended,Asthma
Chicken Breast,Non-Veg,23,15.3,9.2,236,33,4.1,18.8,21.9,221,78,Avoid,Obesity
Ice Cream,Veg,62,10.2,5.4,464,18,9.4,5.3,17.7,124,40,Avoid,Obesity
Apple,Veg,80,2.7,4.5,297,136,1.0,23.7,0.5,130,67,Recommended,Bronchitis
Cucumber,Veg,76,6.6,2.6,221,56,5.2,17.8,11.2,401,45,Avoid,Cholesterol
Pizza,Veg,26,7.1,6.4,293,62,5.4,17.8,15.1,62,41,Avoid,Obesity
Olive Oil,Veg,31,4.9,5.6,53,49,10.6,1.7,8.5,474,71,Recommended,Tonsillitis
Burger,Veg,90,1.9,0.9,103,125,0.9,17.6,4.6,489,36,Avoid,Anemia
Green Tea,Veg,46,11.1,10.0,21,30,5.9,6.2,24.7,521,24,Recommended,Anemia
Fish,Non-Veg,51,16.4,4.9,30,123,9.8,21.1,4.8,161,70,Recommended,Tonsillitis
Cabbage,Veg,51,14.2,9.8,183,22,3.9,2.2,17.5,543,61,Recommended,Tonsillitis
Walnuts,Veg,34,17.6,8.4,247,122,3.5,15.3,11.4,533,80,Avoid,Cholesterol
Apple,Veg,35,10.2,0.5,440,99,8.8,20.7,7.8,514,65,Recommended,Bronchitis
Honey,Veg,45,8.1,5.7,353,144,7.2,5.9,19.3,418,24,Recommended,Renal Stone
Tomato,Veg,28,16.7,0.9,89,71,11.8,6.7,6.7,579,45,Avoid,Anemia
Red Meat,Non-Veg,70,11.4,4.3,452,34,2.3,23.5,7.9,479,13,Recommended,Tonsillitis
Broccoli,Veg,40,2.7,7.8,299,120,5.1,22.5,10.1,400,79,Avoid,Hypertension
Butter,Veg,39,17.3,1.4,397,12,1.5,18.9,14.7,538,33,Recommended,Asthma
Spinach,Veg,52,18.7,6.3,171,58,9.4,22.2,11.5,362,44,Recommended,Anemia
Sugar,Veg,66,8.0,1.9,228,69,6.0,9.8,7.8,373,29,Avoid,Hypertension
Beetroot,Veg,20,5.6,8.1,392,113,0.7,8.4,11.2,231,54,Recommended,Bronchitis
Peanuts,Veg,56,3.4,8.5,96,67,1.5,18.7,9.4,506,46,Recommended,Bronchitis
Chicken Breast,Non-Veg,65,1.1,2.7,451,110,5.8,15.5,23.7,397,25,Recommended,Renal Stone
Orange,Veg,60,8.8,9.6,70,57,6.9,18.8,21.6,455,78,Recommended,Renal Stone
White Bread,Veg,23,5.1,5.5,282,40,0.7,12.3,8.7,412,31,Avoid,Hypertension
Yogurt,Veg,90,13.1,1.8,305,80,3.3,4.6,10.9,222,30,Avoid,Cholesterol
Tofu,Veg,43,5.4,7.1,73,129,9.5,19.6,24.7,162,52,Recommended,Renal Stone
Tea,Veg,40,18.9,7.6,475,104,5.6,20.6,19.8,200,21,Recommended,Renal Stone
Almonds,Veg,89,8.1,3.5,414,130,1.8,25.0,16.5,188,50,Recommended,Bronchitis
Honey,Veg,32,17.2,3.5,68,115,9.1,20.0,11.9,327,35,Recommended,Bronchitis
Almonds,Veg,87,10.4,7.5,435,131,5.4,0.1,12.9,233,77,Avoid,Hypertension
Eggs,Non-Veg,57,1.5,5.9,331,147,4.6,3.8,0.1,290,20,Recommended,Tonsillitis
Honey,Veg,57,15.5,4.3,8,3,7.7,1.9,15.7,236,27,Avoid,Obesity
Dark Chocolate,Veg,40,16.1,4.4,186,136,0.7,10.1,6.6,81,64,Avoid,Obesity
Fish,Non-Veg,30,9.2,2.6,275,95,0.8,0.4,15.6,51,76,Avoid,Anemia
Sweet Potato,Veg,67,19.7,7.8,484,49,0.7,14.9,1.0,527,48,Recommended,Anemia
Peanuts,Veg,73,13.5,9.4,121,100,3.2,23.9,21.0,574,45,Avoid,Diabetes
Pasta,Veg,73,10.9,7.9,462,86,3.6,22.5,10.0,146,66,Recommended,Asthma
Cucumber,Veg,28,5.6,1.0,64,4,3.0,12.4,15.2,156,43,Recommended,Hypertension
Burger,Veg,51,2.2,0.6,59,30,7.6,23.5,22.0,368,20,Avoid,Anemia
Ginger,Veg,34,3.9,5.8,82,58,8.7,6.5,21.9,274,37,Recommended,Bronchitis
Cucumber,Veg,22,6.4,9.4,438,91,7.7,6.7,10.5,153,41,Avoid,Cholesterol
Banana,Veg,65,11.9,0.0,245,133,6.3,18.4,24.5,481,23,Recommended,Renal Stone
Soda,Veg,50,16.9,0.1,397,38,0.2,12.3,22.1,438,59,Avoid,Hypertension
Milk,Veg,51,2.6,7.3,152,101,5.2,0.6,10.3,66,15,Recommended,Anemia
Coffee,Veg,50,16.1,6.5,39,127,1.2,13.5,1.2,538,45,Recommended,Renal Stone
Cucumber,Veg,71,20.0,6.4,461,22,4.2,0.5,24.1,336,55,Avoid,Obesity
Brown Rice,Veg,88,16.3,1.4,248,91,2.9,14.5,22.4,456,22,Recommended,Asthma
Chips,Veg,84,0.1,6.7,229,96,1.6,8.5,23.0,381,29,Avoid,Hypertension
Orange,Veg,80,19.8,2.1,28,121,1.1,16.2,15.1,359,47,Recommended,Tonsillitis
Honey,Veg,57,19.4,6.1,228,123,5.9,1.3,10.0,332,35,Recommended,Tonsillitis
Tofu,Veg,54,15.8,7.5,266,137,1.5,17.4,8.9,574,54,Recommended,Tonsillitis
Banana,Veg,39,14.1,6.4,399,78,9.6,17.3,1.8,406,29,Avoid,Hypertension
Ice Cream,Veg,49,1.6,2.6,406,120,4.8,4.3,6.6,137,72,Recommended,Obesity
Broccoli,Veg,30,18.4,2.1,18,83,5.9,18.6,18.0,120,32,Recommended,Hypertension
Onion,Veg,62,18.8,4.0,52,132,2.5,3.3,8.7,195,21,Recommended,Asthma
Yogurt,Veg,89,14.8,7.6,226,14,6.7,14.9,7.8,340,38,Avoid,Cholesterol
Burger,Veg,25,5.4,8.8,432,124,6.3,3.3,17.9,427,24,Avoid,Cholesterol
Coffee,Veg,64,5.7,1.5,448,43,3.9,13.9,0.6,290,73,Recommended,Bronchitis
Soy Milk,Veg,37,3.9,4.6,170,114,11.5,14.3,4.1,593,43,Recommended,Asthma
Brown Rice,Veg,35,20.0,5.9,412,138,3.0,16.8,18.7,92,70,Avoid,Hypertension
